"MutationType"	"EMShighRep2c.1"	"EMSmedRep4c.1"	"VehCtrlRep3c.1"	"VehCtrlRep3earlyc.1"	"VehCtrlRep4c.1"	"EMShighRep3c.1"	"EMShighRep3earlyc.1"	"EMShighRep4c.1"	"EMSlowRep2c.1"	"EMSlowRep3c.1"	"EMSlowRep4c.1"	"EMSmedRep2c.1"	"EMSmedRep3c.1"	"VehCtrlRep2c.1"
"1"	"A[C>A]A"	10	8	3	2	1	11	12	9	5	5	3	6	7	3
"2"	"A[C>A]C"	4	2	3	1	2	10	3	13	2	1	0	2	3	2
"3"	"A[C>A]G"	5	5	4	0	0	21	16	5	4	5	14	0	5	0
"4"	"A[C>A]T"	10	6	2	1	2	13	10	10	2	3	3	9	8	1
"5"	"C[C>A]A"	9	8	3	2	6	10	11	7	1	4	1	11	4	5
"6"	"C[C>A]C"	3	6	3	1	4	4	7	10	3	2	2	4	3	1
"7"	"C[C>A]G"	24	0	0	0	9	0	6	25	0	0	5	18	6	0
"8"	"C[C>A]T"	5	2	4	3	3	3	3	3	1	2	1	6	4	2
"9"	"G[C>A]A"	11	3	4	3	2	10	4	13	2	3	2	6	3	2
"10"	"G[C>A]C"	5	3	4	1	6	5	4	18	3	5	3	4	4	1
"11"	"G[C>A]G"	0	0	0	6	0	8	17	9	0	7	0	8	0	0
"12"	"G[C>A]T"	6	7	5	5	5	7	2	7	4	6	8	9	2	6
"13"	"T[C>A]A"	7	11	6	1	6	10	5	14	4	6	5	7	4	3
"14"	"T[C>A]C"	8	8	4	1	3	4	6	7	3	3	3	4	5	2
"15"	"T[C>A]G"	6	12	0	0	0	6	13	45	10	0	0	6	6	10
"16"	"T[C>A]T"	5	6	1	3	6	6	5	11	2	5	6	5	5	6
"17"	"A[C>G]A"	8	7	3	2	3	3	4	3	3	2	1	2	1	1
"18"	"A[C>G]C"	3	1	3	3	2	4	4	8	5	5	6	2	1	3
"19"	"A[C>G]G"	0	0	0	0	0	0	5	5	0	0	5	5	0	0
"20"	"A[C>G]T"	2	1	2	2	2	2	2	6	2	1	2	3	2	2
"21"	"C[C>G]A"	5	3	4	2	3	7	3	3	2	1	3	3	3	1
"22"	"C[C>G]C"	5	1	2	1	4	3	2	5	1	0	2	5	9	2
"23"	"C[C>G]G"	0	6	0	0	5	6	0	0	5	0	0	0	6	0
"24"	"C[C>G]T"	1	4	0	1	1	2	1	3	2	1	2	1	0	2
"25"	"G[C>G]A"	1	1	3	1	1	4	3	4	2	4	2	4	6	3
"26"	"G[C>G]C"	6	7	9	4	2	5	4	8	1	2	5	4	2	3
"27"	"G[C>G]G"	0	16	0	0	0	0	0	9	0	0	0	0	0	0
"28"	"G[C>G]T"	2	2	1	0	1	2	1	4	1	0	2	2	3	3
"29"	"T[C>G]A"	5	3	3	1	2	3	0	7	1	3	4	2	3	1
"30"	"T[C>G]C"	4	5	1	3	2	4	3	4	1	1	3	4	2	0
"31"	"T[C>G]G"	0	0	5	10	10	13	0	0	5	0	0	0	6	0
"32"	"T[C>G]T"	5	2	4	1	3	5	3	4	3	3	2	3	1	0
"33"	"A[C>T]A"	294	158	2	1	2	339	350	334	14	19	12	170	170	1
"34"	"A[C>T]C"	346	116	2	1	2	356	390	369	8	15	13	144	130	3
"35"	"A[C>T]G"	392	236	20	20	12	422	429	355	25	32	23	217	161	16
"36"	"A[C>T]T"	343	172	1	3	1	430	401	379	20	12	13	205	219	3
"37"	"C[C>T]A"	309	148	3	2	1	347	403	362	12	16	18	169	172	0
"38"	"C[C>T]C"	269	69	1	1	1	260	305	254	9	9	4	93	97	2
"39"	"C[C>T]G"	347	237	18	5	9	428	480	421	24	16	36	219	193	14
"40"	"C[C>T]T"	314	123	0	1	2	341	388	339	10	10	14	146	144	1
"41"	"G[C>T]A"	226	83	1	3	4	267	287	253	8	3	8	91	82	4
"42"	"G[C>T]C"	68	27	14	13	13	67	101	81	14	14	16	32	20	13
"43"	"G[C>T]G"	319	287	143	116	143	399	384	306	152	130	135	200	179	139
"44"	"G[C>T]T"	140	44	9	9	10	175	187	135	10	10	14	53	52	9
"45"	"T[C>T]A"	348	152	1	3	1	370	400	361	12	11	14	187	164	2
"46"	"T[C>T]C"	529	249	2	2	2	591	608	539	19	16	22	288	271	1
"47"	"T[C>T]G"	480	285	9	0	10	511	539	491	55	43	37	257	267	0
"48"	"T[C>T]T"	430	216	1	1	3	503	507	481	19	14	20	247	225	2
"49"	"A[T>A]A"	13	4	0	1	1	13	17	13	1	1	1	7	8	1
"50"	"A[T>A]C"	14	5	1	2	1	10	13	11	2	1	0	6	7	2
"51"	"A[T>A]G"	8	3	0	1	0	8	13	9	1	1	1	1	4	1
"52"	"A[T>A]T"	17	12	3	1	1	18	15	11	1	2	1	6	8	2
"53"	"C[T>A]A"	6	3	1	0	0	7	4	7	0	0	0	4	2	1
"54"	"C[T>A]C"	7	4	0	2	0	12	8	15	2	1	2	5	5	0
"55"	"C[T>A]G"	6	2	0	0	0	7	5	5	1	0	0	5	3	0
"56"	"C[T>A]T"	6	4	1	1	1	11	14	5	1	1	1	4	4	0
"57"	"G[T>A]A"	8	2	0	0	0	5	9	12	2	0	0	3	4	1
"58"	"G[T>A]C"	2	3	0	1	0	5	7	4	2	0	1	6	1	4
"59"	"G[T>A]G"	4	0	0	0	0	6	6	5	0	0	0	0	6	1
"60"	"G[T>A]T"	5	2	2	0	1	8	8	6	0	0	2	4	3	1
"61"	"T[T>A]A"	6	3	1	2	0	8	6	11	2	2	2	5	5	1
"62"	"T[T>A]C"	6	1	0	0	0	3	5	4	0	1	1	1	1	0
"63"	"T[T>A]G"	3	2	0	2	0	8	5	3	1	0	0	2	2	1
"64"	"T[T>A]T"	4	2	0	0	0	3	5	5	0	0	1	4	2	1
"65"	"A[T>C]A"	6	6	2	1	1	7	8	9	3	0	1	7	8	4
"66"	"A[T>C]C"	36	14	11	9	7	29	24	23	7	13	6	20	21	7
"67"	"A[T>C]G"	5	3	2	1	1	6	6	6	1	1	2	5	4	2
"68"	"A[T>C]T"	9	11	1	2	1	11	15	20	1	1	2	6	8	2
"69"	"C[T>C]A"	4	3	0	1	0	4	1	4	0	0	1	2	0	1
"70"	"C[T>C]C"	6	6	2	1	2	4	7	8	1	0	3	12	4	2
"71"	"C[T>C]G"	3	2	1	0	0	2	1	1	2	1	0	4	2	0
"72"	"C[T>C]T"	4	2	1	0	1	7	5	4	1	2	1	8	2	1
"73"	"G[T>C]A"	18	15	10	5	10	18	20	15	12	10	10	15	15	9
"74"	"G[T>C]C"	64	73	56	52	65	97	78	83	52	65	67	75	70	53
"75"	"G[T>C]G"	7	6	6	7	10	8	7	13	9	11	8	5	10	7
"76"	"G[T>C]T"	16	26	9	8	6	20	20	15	7	13	15	18	15	10
"77"	"T[T>C]A"	5	3	3	1	4	3	6	4	2	2	3	2	2	2
"78"	"T[T>C]C"	9	7	1	2	3	14	15	12	4	3	7	13	14	4
"79"	"T[T>C]G"	1	1	0	1	1	2	3	3	1	1	0	2	2	1
"80"	"T[T>C]T"	4	3	1	1	1	4	5	2	2	2	0	2	3	2
"81"	"A[T>G]A"	2	2	1	1	1	2	2	3	1	1	2	2	1	2
"82"	"A[T>G]C"	3	3	2	2	3	0	3	8	2	2	6	3	4	1
"83"	"A[T>G]G"	3	4	1	1	1	3	2	4	1	2	1	4	3	1
"84"	"A[T>G]T"	3	5	2	4	3	5	3	4	2	4	4	6	5	3
"85"	"C[T>G]A"	4	2	1	2	1	3	6	3	0	1	3	1	1	0
"86"	"C[T>G]C"	1	3	1	1	1	6	3	4	0	1	2	2	3	2
"87"	"C[T>G]G"	4	4	1	3	4	5	8	6	3	4	3	3	4	2
"88"	"C[T>G]T"	4	11	7	6	7	12	7	10	7	5	7	9	7	6
"89"	"G[T>G]A"	4	4	3	2	2	9	3	10	7	3	2	4	3	4
"90"	"G[T>G]C"	17	18	13	13	16	18	17	19	19	22	15	19	26	20
"91"	"G[T>G]G"	9	9	4	2	5	9	6	8	3	7	9	3	5	4
"92"	"G[T>G]T"	21	26	20	25	24	27	28	26	20	30	35	24	30	20
"93"	"T[T>G]A"	1	0	1	0	1	3	1	1	0	0	0	1	0	0
"94"	"T[T>G]C"	2	1	0	0	1	1	2	2	1	1	1	2	1	1
"95"	"T[T>G]G"	2	2	0	1	0	2	2	2	0	2	1	2	2	2
"96"	"T[T>G]T"	4	4	2	3	5	4	3	5	3	5	4	6	5	2
